{"cameraMode":{"drawMode":0,"name":"Shaded","section":"Shading Mode"},"sceneLighting":false,"audioPlay":false,"sceneViewState":{"showFog":true,"showMaterialUpdate":false,"showSkybox":true,"showFlares":true,"showImageEffects":true,"showParticleSystems":true},"in2DMode":false,"pivot":{"x":-0.17620515823364259,"y":3.7666549682617189,"z":0.047847747802734378},"rotation":{"x":-0.2894071042537689,"y":0.06511889398097992,"z":-0.019737640395760537,"w":-0.9547845125198364},"size":18.377256393432618,"orthographic":false}