{"cameraMode":{"drawMode":0,"name":"Shaded","section":"Shading Mode"},"sceneLighting":true,"audioPlay":false,"sceneViewState":{"showFog":true,"showMaterialUpdate":false,"showSkybox":true,"showFlares":true,"showImageEffects":true,"showParticleSystems":true},"in2DMode":false,"pivot":{"x":-0.7669093012809753,"y":-0.532517671585083,"z":0.20578789710998536},"rotation":{"x":-0.22356541454792024,"y":0.282319039106369,"z":-0.06783493608236313,"w":-0.9304369688034058},"size":3.3073947429656984,"orthographic":false}