{"cameraMode":{"drawMode":0,"name":"Shaded","section":"Shading Mode"},"sceneLighting":false,"audioPlay":false,"sceneViewState":{"showFog":true,"showMaterialUpdate":false,"showSkybox":true,"showFlares":true,"showImageEffects":true,"showParticleSystems":true},"in2DMode":false,"pivot":{"x":0.19331112504005433,"y":-5.018636703491211,"z":4.110751152038574},"rotation":{"x":-0.3626447319984436,"y":0.07313774526119232,"z":-0.028561033308506013,"w":-0.9286140203475952},"size":0.25050175189971926,"orthographic":false}