{"cameraMode":{"drawMode":0,"name":"Shaded","section":"Shading Mode"},"sceneLighting":false,"audioPlay":false,"sceneViewState":{"showFog":true,"showMaterialUpdate":false,"showSkybox":true,"showFlares":true,"showImageEffects":true,"showParticleSystems":true},"in2DMode":false,"pivot":{"x":1.8489115238189698,"y":-4.826967716217041,"z":4.577524185180664},"rotation":{"x":-0.1941782832145691,"y":0.6615260243415833,"z":-0.1833021491765976,"w":-0.7007699012756348},"size":0.22970841825008393,"orthographic":false}