{"cameraMode":{"drawMode":0,"name":"Shaded","section":"Shading Mode"},"sceneLighting":true,"audioPlay":false,"sceneViewState":{"showFog":true,"showMaterialUpdate":false,"showSkybox":true,"showFlares":true,"showImageEffects":true,"showParticleSystems":true},"in2DMode":false,"pivot":{"x":0.6920042037963867,"y":-0.20536041259765626,"z":1.7434592247009278},"rotation":{"x":-0.36775514483451846,"y":0.14200638234615327,"z":-0.0569339394569397,"w":-0.9172507524490356},"size":4.807394981384277,"orthographic":false}