{"cameraMode":{"drawMode":0,"name":"Shaded","section":"Shading Mode"},"sceneLighting":false,"audioPlay":false,"sceneViewState":{"showFog":true,"showMaterialUpdate":false,"showSkybox":true,"showFlares":true,"showImageEffects":true,"showParticleSystems":true},"in2DMode":false,"pivot":{"x":0.006086897104978561,"y":-0.002332933247089386,"z":1.0505386590957642},"rotation":{"x":-0.2903655171394348,"y":-0.12669800221920014,"z":0.03881979361176491,"w":-0.9476964473724365},"size":0.2043277621269226,"orthographic":false}