{"cameraMode":{"drawMode":0,"name":"Shaded","section":"Shading Mode"},"sceneLighting":true,"audioPlay":false,"sceneViewState":{"showFog":true,"showMaterialUpdate":false,"showSkybox":true,"showFlares":true,"showImageEffects":true,"showParticleSystems":true},"in2DMode":false,"pivot":{"x":1.230332612991333,"y":-0.06476211547851563,"z":3.3976240158081056},"rotation":{"x":-0.5289793014526367,"y":0.0012729511363431812,"z":-0.0007934696041047573,"w":-0.8486334085464478},"size":5.853894233703613,"orthographic":false}