{"cameraMode":{"drawMode":0,"name":"Shaded","section":"Shading Mode"},"sceneLighting":false,"audioPlay":false,"sceneViewState":{"showFog":true,"showMaterialUpdate":false,"showSkybox":true,"showFlares":true,"showImageEffects":true,"showParticleSystems":true},"in2DMode":false,"pivot":{"x":0.8713615536689758,"y":-5.170454978942871,"z":4.067043304443359},"rotation":{"x":-0.3227940499782562,"y":0.2945859134197235,"z":-0.10646753758192063,"w":-0.8931336998939514},"size":0.7836448550224304,"orthographic":false}