{"cameraMode":{"drawMode":0,"name":"Shaded","section":"Shading Mode"},"sceneLighting":true,"audioPlay":false,"sceneViewState":{"showFog":true,"showMaterialUpdate":false,"showSkybox":true,"showFlares":true,"showImageEffects":true,"showParticleSystems":true},"in2DMode":false,"pivot":{"x":0.850134551525116,"y":0.13078546524047852,"z":1.4812182188034058},"rotation":{"x":-0.13112427294254304,"y":0.30600816011428835,"z":-0.04259505867958069,"w":-0.9419931769371033},"size":3.9957306385040285,"orthographic":false}