{"cameraMode":{"drawMode":0,"name":"Shaded","section":"Shading Mode"},"sceneLighting":false,"audioPlay":false,"sceneViewState":{"showFog":true,"showMaterialUpdate":false,"showSkybox":true,"showFlares":true,"showImageEffects":true,"showParticleSystems":true},"in2DMode":false,"pivot":{"x":-0.1891852170228958,"y":-1.2087153196334839,"z":5.376196384429932},"rotation":{"x":-0.2081184685230255,"y":0.07678776979446411,"z":-0.01639096811413765,"w":-0.9749470353126526},"size":10.140138626098633,"orthographic":false}