{"cameraMode":{"drawMode":0,"name":"Shaded","section":"Shading Mode"},"sceneLighting":false,"audioPlay":false,"sceneViewState":{"showFog":true,"showMaterialUpdate":false,"showSkybox":true,"showFlares":true,"showImageEffects":true,"showParticleSystems":true},"in2DMode":false,"pivot":{"x":-6.005363941192627,"y":-3.842128276824951,"z":7.093732833862305},"rotation":{"x":-0.055778518319129947,"y":-0.00688960263505578,"z":0.0003846067120321095,"w":-0.9984193444252014},"size":0.6811110973358154,"orthographic":false}