{"cameraMode":{"drawMode":0,"name":"Shaded","section":"Shading Mode"},"sceneLighting":false,"audioPlay":false,"sceneViewState":{"showFog":true,"showMaterialUpdate":false,"showSkybox":true,"showFlares":true,"showImageEffects":true,"showParticleSystems":true},"in2DMode":false,"pivot":{"x":0.25726318359375,"y":9.76251220703125,"z":0.12994384765625},"rotation":{"x":0.3995928466320038,"y":0.05632089078426361,"z":-0.024605801329016687,"w":0.9146300554275513},"size":0.5142212510108948,"orthographic":true}