{"cameraMode":{"drawMode":0,"name":"Shaded","section":"Shading Mode"},"sceneLighting":false,"audioPlay":false,"sceneViewState":{"showFog":true,"showMaterialUpdate":false,"showSkybox":true,"showFlares":true,"showImageEffects":true,"showParticleSystems":true},"in2DMode":false,"pivot":{"x":-0.3705049753189087,"y":-1.897977590560913,"z":3.655238389968872},"rotation":{"x":-0.23672522604465486,"y":0.2909892797470093,"z":-0.07455292344093323,"w":-0.9239742159843445},"size":34.37917709350586,"orthographic":false}