{"cameraMode":{"drawMode":0,"name":"Shaded","section":"Shading Mode"},"sceneLighting":false,"audioPlay":false,"sceneViewState":{"showFog":true,"showMaterialUpdate":false,"showSkybox":true,"showFlares":true,"showImageEffects":true,"showParticleSystems":true},"in2DMode":false,"pivot":{"x":5.960464477539063e-8,"y":0.0,"z":2.4100000858306886},"rotation":{"x":-0.34841063618659975,"y":0.26778852939605715,"z":-0.10457756370306015,"w":-0.8921675086021423},"size":239.9563446044922,"orthographic":false}