{"cameraMode":{"drawMode":0,"name":"Shaded","section":"Shading Mode"},"sceneLighting":true,"audioPlay":false,"sceneViewState":{"showFog":true,"showMaterialUpdate":false,"showSkybox":true,"showFlares":true,"showImageEffects":true,"showParticleSystems":true},"in2DMode":false,"pivot":{"x":0.13516145944595338,"y":-0.6730688810348511,"z":2.593794584274292},"rotation":{"x":-0.2248174399137497,"y":0.021043675020337106,"z":-0.00485635083168745,"w":-0.9741615056991577},"size":4.502840518951416,"orthographic":false}