{"cameraMode":{"drawMode":0,"name":"Shaded","section":"Shading Mode"},"sceneLighting":false,"audioPlay":false,"sceneViewState":{"showFog":true,"showMaterialUpdate":false,"showSkybox":true,"showFlares":true,"showImageEffects":true,"showParticleSystems":true},"in2DMode":false,"pivot":{"x":1.0442088842391968,"y":2.3490099906921388,"z":-1.5610146522521973},"rotation":{"x":-0.2282482534646988,"y":0.09097263216972351,"z":-0.02142713963985443,"w":-0.9691066145896912},"size":22.0,"orthographic":false}