{"cameraMode":{"drawMode":0,"name":"Shaded","section":"Shading Mode"},"sceneLighting":true,"audioPlay":false,"sceneViewState":{"showFog":true,"showMaterialUpdate":false,"showSkybox":true,"showFlares":true,"showImageEffects":true,"showParticleSystems":true},"in2DMode":false,"pivot":{"x":0.6003789901733398,"y":-0.3111690878868103,"z":2.7677180767059328},"rotation":{"x":-0.24670185148715974,"y":0.14815115928649903,"z":-0.03819308429956436,"w":-0.9569382071495056},"size":6.602841854095459,"orthographic":false}