{"cameraMode":{"drawMode":0,"name":"Shaded","section":"Shading Mode"},"sceneLighting":false,"audioPlay":false,"sceneViewState":{"showFog":true,"showMaterialUpdate":false,"showSkybox":true,"showFlares":true,"showImageEffects":true,"showParticleSystems":true},"in2DMode":false,"pivot":{"x":0.617006778717041,"y":1.4286394119262696,"z":1.8805264234542847},"rotation":{"x":-0.22707580029964448,"y":0.5070692896842957,"z":-0.14050455391407014,"w":-0.819497287273407},"size":10.000945091247559,"orthographic":false}