{"cameraMode":{"drawMode":0,"name":"Shaded","section":"Shading Mode"},"sceneLighting":true,"audioPlay":false,"sceneViewState":{"showFog":true,"showMaterialUpdate":false,"showSkybox":true,"showFlares":true,"showImageEffects":true,"showParticleSystems":true},"in2DMode":false,"pivot":{"x":-0.5177388191223145,"y":4.020683288574219,"z":-3.976710796356201},"rotation":{"x":-0.2158631980419159,"y":-0.04480106011033058,"z":0.00991148967295885,"w":-0.9753449559211731},"size":0.6611754894256592,"orthographic":false}