{"cameraMode":{"drawMode":0,"name":"Shaded","section":"Shading Mode"},"sceneLighting":true,"audioPlay":false,"sceneViewState":{"showFog":true,"showMaterialUpdate":false,"showSkybox":true,"showFlares":true,"showImageEffects":true,"showParticleSystems":true},"in2DMode":false,"pivot":{"x":1.2033915519714356,"y":-0.5608494281768799,"z":2.953429698944092},"rotation":{"x":-0.28107962012290957,"y":0.049490492790937427,"z":-0.014515387825667858,"w":-0.958297610282898},"size":5.960300445556641,"orthographic":false}