{"cameraMode":{"drawMode":0,"name":"Shaded","section":"Shading Mode"},"sceneLighting":false,"audioPlay":false,"sceneViewState":{"showFog":true,"showMaterialUpdate":false,"showSkybox":true,"showFlares":true,"showImageEffects":true,"showParticleSystems":true},"in2DMode":false,"pivot":{"x":-0.17635607719421388,"y":0.4587734043598175,"z":-0.5051078796386719},"rotation":{"x":-0.12172920256853104,"y":0.6759263277053833,"z":-0.11463629454374314,"w":-0.7177494168281555},"size":3.6985318660736086,"orthographic":true}