{"cameraMode":{"drawMode":0,"name":"Shaded","section":"Shading Mode"},"sceneLighting":false,"audioPlay":false,"sceneViewState":{"showFog":true,"showMaterialUpdate":false,"showSkybox":true,"showFlares":true,"showImageEffects":true,"showParticleSystems":true},"in2DMode":false,"pivot":{"x":-0.16182070970535279,"y":-1.2477259635925294,"z":5.368247032165527},"rotation":{"x":-0.13144446909427644,"y":-0.1695268452167511,"z":0.02282135561108589,"w":-0.9764538407325745},"size":7.9261064529418949,"orthographic":false}