{"cameraMode":{"drawMode":0,"name":"Shaded","section":"Shading Mode"},"sceneLighting":false,"audioPlay":false,"sceneViewState":{"showFog":true,"showMaterialUpdate":false,"showSkybox":true,"showFlares":true,"showImageEffects":true,"showParticleSystems":true},"in2DMode":false,"pivot":{"x":-0.17635607719421388,"y":0.4587734043598175,"z":-0.5051078796386719},"rotation":{"x":-0.33765530586242678,"y":-0.21555614471435548,"z":0.07972951978445053,"w":-0.912780225276947},"size":2.8400869369506838,"orthographic":true}