{"cameraMode":{"drawMode":0,"name":"Shaded","section":"Shading Mode"},"sceneLighting":false,"audioPlay":false,"sceneViewState":{"showFog":true,"showMaterialUpdate":false,"showSkybox":true,"showFlares":true,"showImageEffects":true,"showParticleSystems":true},"in2DMode":false,"pivot":{"x":0.3197895288467407,"y":-0.714396595954895,"z":7.252058982849121},"rotation":{"x":-0.055778518319129947,"y":-0.00688960263505578,"z":0.0003846067120321095,"w":-0.9984193444252014},"size":8.322491645812989,"orthographic":false}