{"cameraMode":{"drawMode":0,"name":"Shaded","section":"Shading Mode"},"sceneLighting":false,"audioPlay":false,"sceneViewState":{"showFog":true,"showMaterialUpdate":false,"showSkybox":true,"showFlares":true,"showImageEffects":true,"showParticleSystems":true},"in2DMode":false,"pivot":{"x":-0.3705049753189087,"y":-1.897977590560913,"z":3.655238389968872},"rotation":{"x":-0.13458575308322907,"y":0.2917226254940033,"z":-0.04149996116757393,"w":-0.9460774064064026},"size":26.080488204956056,"orthographic":false}