{"cameraMode":{"drawMode":0,"name":"Shaded","section":"Shading Mode"},"sceneLighting":false,"audioPlay":false,"sceneViewState":{"showFog":true,"showMaterialUpdate":false,"showSkybox":true,"showFlares":true,"showImageEffects":true,"showParticleSystems":true},"in2DMode":false,"pivot":{"x":-0.26922929286956789,"y":-1.4046090841293336,"z":1.2896188497543336},"rotation":{"x":-0.3536066710948944,"y":0.3253994584083557,"z":-0.13273459672927857,"w":-0.8668673634529114},"size":2.8578836917877199,"orthographic":false}