{"cameraMode":{"drawMode":0,"name":"Shaded","section":"Shading Mode"},"sceneLighting":true,"audioPlay":false,"sceneViewState":{"showFog":true,"showMaterialUpdate":false,"showSkybox":true,"showFlares":true,"showImageEffects":true,"showParticleSystems":true},"in2DMode":false,"pivot":{"x":1.2033915519714356,"y":-0.5608494281768799,"z":2.953429698944092},"rotation":{"x":-0.23943987488746644,"y":-0.012526048347353936,"z":0.0030900861602276565,"w":-0.9708255529403687},"size":5.960300445556641,"orthographic":false}