{"cameraMode":{"drawMode":0,"name":"Shaded","section":"Shading Mode"},"sceneLighting":true,"audioPlay":false,"sceneViewState":{"showFog":true,"showMaterialUpdate":false,"showSkybox":true,"showFlares":true,"showImageEffects":true,"showParticleSystems":true},"in2DMode":false,"pivot":{"x":0.3386210501194,"y":0.6853382587432861,"z":-0.40555325150489809},"rotation":{"x":-0.0767531543970108,"y":-0.26962733268737795,"z":0.021560512483119966,"w":-0.9596589207649231},"size":2.4611754417419435,"orthographic":false}