{"cameraMode":{"drawMode":0,"name":"Shaded","section":"Shading Mode"},"sceneLighting":false,"audioPlay":false,"sceneViewState":{"showFog":true,"showMaterialUpdate":false,"showSkybox":true,"showFlares":true,"showImageEffects":true,"showParticleSystems":true},"in2DMode":false,"pivot":{"x":-0.3779512345790863,"y":0.31105807423591616,"z":3.5444161891937258},"rotation":{"x":-0.27110913395881655,"y":0.5554182529449463,"z":-0.1979164332151413,"w":-0.7608150243759155},"size":3.8647143840789797,"orthographic":false}